"sku";"razdel";"new_category";"tags";"name";"old_category"
"9181";"Бильярд";"Аксессуары";"перчатки; безразмерная";"Перчатка для бильярда Partner Billiards левая безразмерная черная";"Бильярд > Аксессуары > Перчатки"
"9554";"Бильярд";"Аксессуары";"перчатки; безразмерная";"Перчатка для бильярда Standard левая/правая безразмерная темно-синяя";"Бильярд > Аксессуары > Перчатки"
"9147";"Бильярд";"Аксессуары";"перчатки; безразмерная";"Перчатка для бильярда Standard левая/правая безразмерная черная";"Бильярд > Аксессуары > Перчатки"
"10896";"Бильярд";"Аксессуары";"перчатки; на резинке";"Перчатка для бильярда левая / правая Classic размер M/L темно-синяя на резинке";"Бильярд > Аксессуары > Перчатки"
"10899";"Бильярд";"Аксессуары";"перчатки; на резинке";"Перчатка для бильярда левая / правая Classic размер M/L черная на резинке";"Бильярд > Аксессуары > Перчатки"
"10897";"Бильярд";"Аксессуары";"перчатки; на резинке";"Перчатка для бильярда левая / правая Classic размер S темно-синяя на резинке";"Бильярд > Аксессуары > Перчатки"
"2427";"Бильярд";"Аксессуары";"перчатки; на резинке";"Перчатка для бильярда левая / правая Classic размер S черная на резинке";"Бильярд > Аксессуары > Перчатки"
"10898";"Бильярд";"Аксессуары";"перчатки; на резинке";"Перчатка для бильярда левая / правая Classic размер XL темно-синяя на резинке";"Бильярд > Аксессуары > Перчатки"
"10900";"Бильярд";"Аксессуары";"перчатки; на резинке";"Перчатка для бильярда левая / правая Classic размер XL черная на резинке";"Бильярд > Аксессуары > Перчатки"
"10905";"Бильярд";"Аксессуары";"перчатки";"Перчатка для бильярда левая / правая Pro Short размер M/L черная";"Бильярд > Аксессуары > Перчатки"
"10906";"Бильярд";"Аксессуары";"перчатки";"Перчатка для бильярда левая / правая Pro Short размер S черная";"Бильярд > Аксессуары > Перчатки"
"10699";"Бильярд";"Аксессуары";"перчатки";"Перчатка для бильярда левая / правая Pro Short размер XL черная";"Бильярд > Аксессуары > Перчатки"
"10901";"Бильярд";"Аксессуары";"перчатки; на липучке";"Перчатка для бильярда левая Classic Velcro размер M/L темно-синяя на липучке";"Бильярд > Аксессуары > Перчатки"
"10902";"Бильярд";"Аксессуары";"перчатки; на липучке";"Перчатка для бильярда левая Classic Velcro размер M/L черная на липучке";"Бильярд > Аксессуары > Перчатки"
"9542";"Бильярд";"Аксессуары";"перчатки; на липучке";"Перчатка для бильярда левая Classic Velcro размер S темно-синяя на липучке";"Бильярд > Аксессуары > Перчатки"
"2429";"Бильярд";"Аксессуары";"перчатки; на липучке";"Перчатка для бильярда левая Classic Velcro размер S черная на липучке";"Бильярд > Аксессуары > Перчатки"
"10698";"Бильярд";"Аксессуары";"перчатки; на липучке";"Перчатка для бильярда левая Classic Velcro размер XL темно-синяя на липучке";"Бильярд > Аксессуары > Перчатки"
"10903";"Бильярд";"Аксессуары";"перчатки; на липучке";"Перчатка для бильярда левая Classic Velcro размер XL черная на липучке";"Бильярд > Аксессуары > Перчатки"
"9536-15";"Бильярд";"Аксессуары";"мел; Tweeten";"Мел для бильярда 15шт Tweeten Triangle синий";"Бильярд > Аксессуары для киев > Мел"
"9536-4";"Бильярд";"Аксессуары";"мел; Tweeten";"Мел для бильярда 4шт Tweeten Triangle синий";"Бильярд > Аксессуары для киев > Мел"
"4381";"Бильярд";"Аксессуары";"мел; Tweeten";"Мел для бильярда Tweeten Triangle 72 штуки синий";"Бильярд > Аксессуары для киев > Мел"
"16370";"Бильярд";"Аксессуары";"наклейки; Porter";"Инструмент для обработки бильярдной наклейки / держатель для мела Porter";"Бильярд > Аксессуары для киев > Наклейки"
"16386";"Бильярд";"Аксессуары";"наклейки; Porter";"Инструмент для обработки бильярдной наклейки Porter Tip Sander";"Бильярд > Аксессуары для киев > Наклейки"
"13142-10";"Бильярд";"Аксессуары";"наклейки; Porter";"Колпачки с наклейкой для кия Porter Push-On-Tip 12мм 10 шт";"Бильярд > Аксессуары для киев > Наклейки"
"9218";"Бильярд";"Аксессуары";"наклейки; Porter";"Колпачки с наклейкой для кия Porter Push-On-Tip 12мм 100 шт";"Бильярд > Аксессуары для киев > Наклейки"
"13143-10";"Бильярд";"Аксессуары";"наклейки; Porter";"Колпачки с наклейкой для кия Porter Push-On-Tip 13мм 10 шт";"Бильярд > Аксессуары для киев > Наклейки"
"9090";"Бильярд";"Аксессуары";"наклейки; Porter";"Колпачки с наклейкой для кия Porter Push-On-Tip 13мм 100 шт";"Бильярд > Аксессуары для киев > Наклейки"
"9536-4-16370";"Бильярд";"Аксессуары";"мел; Tweeten; Porter";"Набор из 4-х мелков для бильярда Tweeten Triangle и держателя мела / инструмента для обработки наклейки Porter";"Бильярд > Аксессуары для киев > Наклейки"
"9536-4-16386";"Бильярд";"Аксессуары";"мел; Tweeten";"Набор из 4-х мелков для бильярда Tweeten Triangle и инструмента для обработки наклейки бильярдного кия";"Бильярд > Аксессуары для киев > Наклейки"
"9536-4-2460-16370";"Бильярд";"Аксессуары";"мел; Tweeten";"Набор из 4-х мелков для бильярда Tweeten Triangle, муфты для чистки кия и инструмента для обработки наклейки / держателя мела";"Бильярд > Аксессуары для киев > Наклейки"
"9536-4-2460-2310-16386";"Бильярд";"Аксессуары";"мел";"Набор из 4-х мелков для бильярда, муфты для чистки и полировки бильярдного кия, держателя мела и инструмента для обработки наклейки";"Бильярд > Аксессуары для киев > Наклейки"
"2460-16386";"Бильярд";"Аксессуары";"наклейки";"Набор из аксессуара (муфты) для чистки и полировки бильярдного кия и инструмента для обработки наклейки";"Бильярд > Аксессуары для киев > Наклейки"
"3359-10";"Бильярд";"Аксессуары";"наклейки; Tweeten";"Наклейки для кия 12,5 мм 10 штук Tweeten Triangle Super Hard";"Бильярд > Аксессуары для киев > Наклейки"
"3359-25";"Бильярд";"Аксессуары";"наклейки; Tweeten";"Наклейки для кия 12,5 мм 25 штук Tweeten Triangle Super Hard";"Бильярд > Аксессуары для киев > Наклейки"
"3361-10";"Бильярд";"Аксессуары";"наклейки; Tweeten";"Наклейки для кия 13 мм 10 штук Tweeten Le Professionel Hard";"Бильярд > Аксессуары для киев > Наклейки"
"3357-10";"Бильярд";"Аксессуары";"наклейки; Tweeten";"Наклейки для кия 13 мм 10 штук Tweeten Triangle Super Hard";"Бильярд > Аксессуары для киев > Наклейки"
"3361-25";"Бильярд";"Аксессуары";"наклейки; Tweeten";"Наклейки для кия 13 мм 25 штук Tweeten Le Professionel Hard";"Бильярд > Аксессуары для киев > Наклейки"
"3357-25";"Бильярд";"Аксессуары";"наклейки; Tweeten";"Наклейки для кия 13 мм 25 штук Tweeten Triangle Super Hard";"Бильярд > Аксессуары для киев > Наклейки"
"16230";"Бильярд";"Кии";"пул; разборный; 146 см; Porter";"Кий для бильярда 146 см / бильярдный кий для пула Porter Ramin / кий разборный";"Бильярд > Кии > Пул"
"16506";"Бильярд";"Кии";"пул; цельный; карбон; 147 см; Тафгай";"Кий для бильярда 147 см / кий для пула Тафгай / кий цельный карбоновый";"Бильярд > Кии > Пул"
"15152";"Бильярд";"Кии";"пул; цельный; 148 см; Compositor";"Кий для бильярда 148 см / бильярдный кий для пула Compositor / кий цельный";"Бильярд > Кии > Пул"
"5866";"Бильярд";"Кии";"пул; цельный; 150 см; Porter";"Кий для бильярда 150 см / бильярдный кий для пула Porter Ramin / кий цельный";"Бильярд > Кии > Пул"
"9339-9160-9536-4";"Бильярд";"Наборы";"пул";"Кий для пула, тубус и мелки в подарочном наборе для игрока Master D-501 Round";"Бильярд > Кии > Пул"
"16519-9160-9536-4";"Бильярд";"Наборы";"пул";"Кий для пула, тубус и мелки в подарочном наборе для игрока Master D-509 Round";"Бильярд > Кии > Пул"
"9340-9160-9536-4";"Бильярд";"Наборы";"пул";"Кий для пула, тубус и мелки в подарочном наборе для игрока Master D-510 Round";"Бильярд > Кии > Пул"
"15549";"Бильярд";"Кии";"цельный; укороченный; 122 см; Compositor";"Кий для бильярда 122 см укороченный / бильярдный кий Compositor / кий цельный";"Бильярд > Кии > Русский бильярд"
"15550";"Бильярд";"Кии";"цельный; укороченный; 133 см; Compositor";"Кий для бильярда 133 см укороченный / бильярдный кий Compositor / кий цельный";"Бильярд > Кии > Русский бильярд"
"5865";"Бильярд";"Кии";"русский бильярд; цельный; 158 см; Porter";"Кий для бильярда русского 158 см / бильярдный кий Porter Ramin / кий цельный";"Бильярд > Кии > Русский бильярд"
"16505";"Бильярд";"Кии";"русский бильярд; цельный; карбон; 158 см; Тафгай";"Кий для бильярда русского 158 см / бильярдный кий Тафгай / кий цельный карбоновый";"Бильярд > Кии > Русский бильярд"
"9201";"Бильярд";"Кии";"русский бильярд; цельный; 161 см; Compositor";"Кий для бильярда русского 161 см / бильярдный кий Compositor / кий цельный";"Бильярд > Кии > Русский бильярд"
"9334";"Бильярд";"Кии";"русский бильярд; разборный; 163 см; Maple Crown; Crown";"Кий для бильярда русского 163 см / бильярдный кий Maple Crown D-501R / кий разборный";"Бильярд > Кии > Русский бильярд"
"9335";"Бильярд";"Кии";"русский бильярд; разборный; 163 см; Maple Crown; Crown";"Кий для бильярда русского 163 см / бильярдный кий Maple Crown D-502R / кий разборный";"Бильярд > Кии > Русский бильярд"
"9336";"Бильярд";"Кии";"русский бильярд; разборный; 163 см; Maple Crown; Crown";"Кий для бильярда русского 163 см / бильярдный кий Maple Crown D-510R / кий разборный";"Бильярд > Кии > Русский бильярд"
"16276";"Бильярд";"Кии";"русский бильярд; цельный; 161 см; Crown";"Кий для русского бильярда 161 см Crown 1-составной / цельный";"Бильярд > Кии > Русский бильярд"
"13203";"Бильярд";"Кии";"русский бильярд; цельный; 161 см; Crown";"Кий для русского бильярда 161 см Crown 1-составной / цельный";"Бильярд > Кии > Русский бильярд"
"9334-1164-9536-4";"Бильярд";"Наборы";"русский бильярд";"Кий для русского бильярда, тубус и мелки в подарочном наборе для игрока Master D-501R Round";"Бильярд > Кии > Русский бильярд"
"9336-1164-9536-4";"Бильярд";"Наборы";"русский бильярд";"Кий для русского бильярда, тубус и мелки в подарочном наборе для игрока Master D-510R Round";"Бильярд > Кии > Русский бильярд"
"9336-16373-9536-4";"Бильярд";"Наборы";"русский бильярд";"Кий для русского бильярда, тубус и мелки в подарочном наборе для игрока Master D-510R Round Plus";"Бильярд > Кии > Русский бильярд"
"16419";"Бильярд";"Кии";"снукер; цельный; 143 см";"Кий для снукера бильярдный 143 см 1-составной Bridge JDH";"Бильярд > Кии > Снукер"
"16418";"Бильярд";"Кии";"снукер; разборный; 143 см";"Кий для снукера бильярдный 143 см 2-составной Bridge 3/4";"Бильярд > Кии > Снукер"
"16518";"Бильярд";"Кии";"снукер; цельный; 145 см";"Кий для снукера бильярдный 145 см 1-составной Dandy";"Бильярд > Кии > Снукер"
"16230.К";"Бильярд";"Наборы";"пул";"Кий для пула, чехол, перчатка и мелки в подарочном наборе для игрока Pool Partner";"Бильярд > Кии"
"6761";"Бильярд";"Комплектующие столов";"лузы";"Лузы для бильярда 68 мм Classic Pro B-2 6шт латунные скобы скаты";"Бильярд > Комплектующие столов > Лузы"
"11625";"Бильярд";"Комплектующие столов";"лузы";"Лузы для бильярда 68 мм Sport Pro D-1 6шт латунные скобы скаты";"Бильярд > Комплектующие столов > Лузы"
"11626";"Бильярд";"Комплектующие столов";"лузы";"Лузы для бильярда 68 мм Sport Pro D-2 6шт латунные скобы";"Бильярд > Комплектующие столов > Лузы"
"3349";"Бильярд";"Комплектующие столов";"лузы";"Лузы для бильярда 68 мм Sport Pro D-3 6шт латунные скобы";"Бильярд > Комплектующие столов > Лузы"
"2021";"Бильярд";"Комплектующие столов";"лузы; Crown";"Лузы для бильярдных столов 57,2мм Crown LX-5 6шт резина";"Бильярд > Комплектующие столов > Лузы"
"11624";"Бильярд";"Комплектующие столов";"лузы";"Лузы для бильярдных столов 68 мм Classic B-3 6шт силуминовые скобы";"Бильярд > Комплектующие столов > Лузы"
"11636";"Бильярд";"Комплектующие столов";"лузы";"Лузы для бильярдных столов 68 мм Classic B-5 6шт силуминовые скобы скаты";"Бильярд > Комплектующие столов > Лузы"
"9353";"Бильярд";"Комплектующие столов";"лузы";"Лузы для бильярдных столов 68 мм Classic Pro B-4 6шт латунные скобы";"Бильярд > Комплектующие столов > Лузы"
"2006";"Бильярд";"Комплектующие столов";"лузы";"Лузы для бильярдных столов 68 мм Decor C-2 6шт силуминовые скобы";"Бильярд > Комплектующие столов > Лузы"
"11637";"Бильярд";"Комплектующие столов";"лузы";"Лузы для бильярдных столов 68 мм Decor Luxe B-7 6шт латунные скобы скаты";"Бильярд > Комплектующие столов > Лузы"
"6307";"Бильярд";"Комплектующие столов";"лузы";"Лузы для бильярдных столов 68 мм Decor С-1 6шт силуминовые скобы скаты";"Бильярд > Комплектующие столов > Лузы"
"9265";"Бильярд";"Комплектующие столов";"лузы";"Лузы для бильярдных столов 68 мм Sport D-4 6шт силуминовые скобы скаты";"Бильярд > Комплектующие столов > Лузы"
"2007";"Бильярд";"Комплектующие столов";"лузы";"Лузы для бильярдных столов 68 мм Sport D-5 6шт силуминовые скобы2";"Бильярд > Комплектующие столов > Лузы"
"16529";"Бильярд";"Комплектующие столов";"лузы";"Лузы для бильярдных столов 68 мм Sport D-6 6шт латунные скобы";"Бильярд > Комплектующие столов > Лузы"
"2023";"Бильярд";"Комплектующие столов";"лузы";"Лузы для бильярдных столов 68 мм Sport Pro D-2 6шт латунные скобы";"Бильярд > Комплектующие столов > Лузы"
"16320";"Бильярд";"Комплектующие столов";"лузы; 8 фт; Brookstone";"Лузы для бильярдных столов 7-8 футов Brookstone 60,3 мм 6шт латунные скобы";"Бильярд > Комплектующие столов > Лузы"
"6198";"Бильярд";"Комплектующие столов";"резина для бортов; 10 фт; Eurosprint";"Резина для бортов бильярдных столов 10 футов 152см 6шт Eurosprint Rus Pro U-118";"Бильярд > Комплектующие столов > Резина для бортов"
"11634";"Бильярд";"Комплектующие столов";"резина для бортов; 10 фт";"Резина для бортов бильярдных столов 10 футов 152см 6шт Standard U-118";"Бильярд > Комплектующие столов > Резина для бортов"
"11628";"Бильярд";"Комплектующие столов";"резина для бортов; снукер; 12 фт";"Резина для бортов бильярдных столов 12 футов 182см 6шт Eurospint Standard Snooker Pro L-77";"Бильярд > Комплектующие столов > Резина для бортов"
"11629";"Бильярд";"Комплектующие столов";"резина для бортов; 12 фт; Eurosprint";"Резина для бортов бильярдных столов 12 футов 182см 6шт Eurosprint Rus Pro U-118";"Бильярд > Комплектующие столов > Резина для бортов"
"11655";"Бильярд";"Комплектующие столов";"резина для бортов; 12 фт";"Резина для бортов бильярдных столов 12 футов 182см 6шт столов Standard U-118";"Бильярд > Комплектующие столов > Резина для бортов"
"11654";"Бильярд";"Комплектующие столов";"резина для бортов; пул; 9 фт";"Резина для бортов бильярдных столов 7-9 футов 122см 6шт Standard Pool K-66";"Бильярд > Комплектующие столов > Резина для бортов"
"6201";"Бильярд";"Комплектующие столов";"резина для бортов; пул; 9 фт; Eurosprint";"Резина для бортов бильярдных столов 9 футов 122см 6шт Eurosprint Pool Pro K-55";"Бильярд > Комплектующие столов > Резина для бортов"
"11650";"Бильярд";"Комплектующие столов";"резина для бортов; пул; 9 фт; Eurosprint";"Резина для бортов бильярдных столов 9 футов 122см 6шт Eurosprint Pool Pro K-66";"Бильярд > Комплектующие столов > Резина для бортов"
"11649";"Бильярд";"Комплектующие столов";"резина для бортов; пул; 9 фт; Eurosprint";"Резина для бортов бильярдных столов 9 футов 145см 6шт Eurosprint Pool Pro K-55";"Бильярд > Комплектующие столов > Резина для бортов"
"6202";"Бильярд";"Комплектующие столов";"резина для бортов; пул; 9 фт; Eurosprint";"Резина для бортов бильярдных столов 9 футов 145см 6шт Eurosprint Pool Pro K-66";"Бильярд > Комплектующие столов > Резина для бортов"
"11653";"Бильярд";"Комплектующие столов";"резина для бортов; пул; 9 фт";"Резина для бортов бильярдных столов 9 футов 145см 6шт Standard Pool K-55";"Бильярд > Комплектующие столов > Резина для бортов"
"2460";"Бильярд";"Аксессуары";"уход за кием; Porter";"Аксессуар (муфта) для чистки и полировки кия бильярдного Porter Shaft Slicker абразивный";"Бильярд > Прочее > Аксессуары"
"13240";"Бильярд";"Аксессуары";"мосты; 160 см";"Древко для моста бильярдного 160 см Junior односоставное / цельное";"Бильярд > Прочее > Аксессуары"
"9302";"Бильярд";"Аксессуары";"мосты; 160 см";"Древко для моста бильярдного 160 см Экстра односоставное / цельное";"Бильярд > Прочее > Аксессуары"
"13242";"Бильярд";"Аксессуары";"мосты; 180 см";"Древко для моста бильярдного 180 см Оптимум двухсоставное / разборное";"Бильярд > Прочее > Аксессуары"
"9367";"Бильярд";"Аксессуары";"мосты; 180 см";"Древко для моста бильярдного 180 см Экстра двухсоставное / разборное";"Бильярд > Прочее > Аксессуары"
"13243";"Бильярд";"Аксессуары";"мосты; 200 см";"Древко для моста бильярдного 200 см Оптимум двухсоставное / разборное";"Бильярд > Прочее > Аксессуары"
"11283";"Бильярд";"Аксессуары";"мосты; 200 см";"Древко для моста бильярдного 200 см Экстра двухсоставное / разборное";"Бильярд > Прочее > Аксессуары"
"13244";"Бильярд";"Аксессуары";"мосты; 216 см";"Древко для моста бильярдного 216 см Оптимум двухсоставное / разборное";"Бильярд > Прочее > Аксессуары"
"11284";"Бильярд";"Аксессуары";"мосты; 216 см";"Древко для моста бильярдного 216 см Экстра двухсоставное / разборное";"Бильярд > Прочее > Аксессуары"
"11286";"Бильярд";"Аксессуары";"мосты; 246 см";"Древко для моста бильярдного 246 см Оптимум двухсоставное / разборное";"Бильярд > Прочее > Аксессуары"
"16524";"Бильярд";"Киевницы";"на 6 киев";"Киевница Minimalism для 6 киев светло-коричневая 2-составная";"Бильярд > Прочее > Аксессуары"
"11389";"Бильярд";"Киевницы";"напольная; на 6 киев";"Киевница для бильярда напольная Форпост для 6 киев коричневая";"Бильярд > Прочее > Аксессуары"
"6321";"Бильярд";"Киевницы";"напольная; на 6 киев";"Киевница для бильярда напольная Форпост для 6 киев махагон";"Бильярд > Прочее > Аксессуары"
"11390";"Бильярд";"Киевницы";"напольная; на 6 киев";"Киевница для бильярда напольная Форпост для 6 киев темно-коричневая";"Бильярд > Прочее > Аксессуары"
"11385";"Бильярд";"Киевницы";"настенная; на 4 киев";"Киевница для бильярда настенная Авангард для 4 киев коричневая";"Бильярд > Прочее > Аксессуары"
"6322";"Бильярд";"Киевницы";"настенная; на 4 киев";"Киевница для бильярда настенная Авангард для 4 киев махагон";"Бильярд > Прочее > Аксессуары"
"11386";"Бильярд";"Киевницы";"настенная; на 4 киев";"Киевница для бильярда настенная Авангард для 4 киев темно-коричневая";"Бильярд > Прочее > Аксессуары"
"12770";"Бильярд";"Киевницы";"настенная; на 6 киев";"Киевница для бильярда настенная Авангард для 6 киев коричневая";"Бильярд > Прочее > Аксессуары"
"12769";"Бильярд";"Киевницы";"настенная; на 6 киев";"Киевница для бильярда настенная Авангард для 6 киев махагон";"Бильярд > Прочее > Аксессуары"
"12768";"Бильярд";"Киевницы";"настенная; на 6 киев";"Киевница для бильярда настенная Авангард для 6 киев темно-коричневая";"Бильярд > Прочее > Аксессуары"
"11362";"Бильярд";"Киевницы";"настенная; на 4 киев";"Киевница для бильярда настенная Арсенал для 4 киев коричневая";"Бильярд > Прочее > Аксессуары"
"2049";"Бильярд";"Киевницы";"настенная; на 4 киев";"Киевница для бильярда настенная Арсенал для 4 киев махагон";"Бильярд > Прочее > Аксессуары"
"11363";"Бильярд";"Киевницы";"настенная; на 4 киев";"Киевница для бильярда настенная Арсенал для 4 киев темно-коричневая";"Бильярд > Прочее > Аксессуары"
"11364";"Бильярд";"Киевницы";"настенная; на 6 киев";"Киевница для бильярда настенная Арсенал для 6 киев коричневая";"Бильярд > Прочее > Аксессуары"
"11365";"Бильярд";"Киевницы";"настенная; на 6 киев";"Киевница для бильярда настенная Арсенал для 6 киев махагон";"Бильярд > Прочее > Аксессуары"
"11366";"Бильярд";"Киевницы";"настенная; на 6 киев";"Киевница для бильярда настенная Арсенал для 6 киев темно-коричневая";"Бильярд > Прочее > Аксессуары"
"15474";"Бильярд";"Киевницы";"настенная; на 4 киев";"Киевница для бильярда настенная Бастион для 4 киев коричневая";"Бильярд > Прочее > Аксессуары"
"15473";"Бильярд";"Киевницы";"настенная; на 4 киев";"Киевница для бильярда настенная Бастион для 4 киев махагон";"Бильярд > Прочее > Аксессуары"
"15475";"Бильярд";"Киевницы";"настенная; на 4 киев";"Киевница для бильярда настенная Бастион для 4 киев темно-коричневая";"Бильярд > Прочее > Аксессуары"
"9409";"Бильярд";"Киевницы";"настенная; на 4 киев";"Киевница для бильярда настенная Легион для 4 киев коричневая";"Бильярд > Прочее > Аксессуары"
"4518";"Бильярд";"Киевницы";"настенная; на 4 киев";"Киевница для бильярда настенная Легион для 4 киев махагон";"Бильярд > Прочее > Аксессуары"
"9078";"Бильярд";"Киевницы";"настенная; на 4 киев";"Киевница для бильярда настенная Легион для 4 киев темно-коричневая";"Бильярд > Прочее > Аксессуары"
"15876";"Бильярд";"Киевницы";"настенная; на 4 киев";"Киевница для бильярда настенная Штурм для 4 киев";"Бильярд > Прочее > Аксессуары"
"5865-4";"Бильярд";"Кии";"русский бильярд; 158 см; Porter";"Кии для русского бильярда 158 см Porter Ramin - 4 штуки / цельные";"Бильярд > Прочее > Аксессуары"
"13601";"Бильярд";"Кии";"снукер; разборный";"Кий бильярдный для снукера Bradford Black Snooker 3/4 с удлинителем 2-составной";"Бильярд > Прочее > Аксессуары"
"12490";"Бильярд";"Кии";"пул; снукер; разборный";"Кий бильярдный для снукера Liverpool 3/4 с удлинителем 2-составной";"Бильярд > Прочее > Аксессуары"
"9405";"Бильярд";"Кии";"пул; снукер; разборный";"Кий бильярдный для снукера Liverpool 3/4 с удлинителем 2-составной";"Бильярд > Прочее > Аксессуары"
"9157";"Бильярд";"Кии";"снукер; разборный";"Кий бильярдный для снукера Manchester 3/4 2-составной";"Бильярд > Прочее > Аксессуары"
"5398";"Бильярд";"Кии";"снукер; цельный";"Кий бильярдный для снукера Oxford 1-составной";"Бильярд > Прочее > Аксессуары"
"13676";"Бильярд";"Кии";"цельный; укороченный; 101 см; Player";"Кий для бильярда 101 см Player 1-составной/цельный укороченный";"Бильярд > Прочее > Аксессуары"
"16508";"Бильярд";"Кии";"цельный; укороченный; карбон; 122 см; Тафгай";"Кий для бильярда 122 см укороченный Тафгай / кий цельный карбоновый";"Бильярд > Прочее > Аксессуары"
"13922";"Бильярд";"Кии";"цельный; укороченный; 123 см; Player";"Кий для бильярда 123 см Player 1-составной/цельный укороченный";"Бильярд > Прочее > Аксессуары"
"16507";"Бильярд";"Кии";"цельный; укороченный; карбон; 133 см; Тафгай";"Кий для бильярда 133 см укороченный Тафгай / кий цельный карбоновый";"Бильярд > Прочее > Аксессуары"
"9139";"Бильярд";"Кии";"пул; разборный; 148 см; Astro";"Кий для бильярда 148 см пул Astro Atlas 2-составной / разборный";"Бильярд > Прочее > Аксессуары"
"9106";"Бильярд";"Кии";"пул; разборный; 148 см; Astro";"Кий для бильярда 148 см пул Astro Excalibur 2-составной / разборный";"Бильярд > Прочее > Аксессуары"
"9127";"Бильярд";"Кии";"пул; разборный; 148 см; Astro";"Кий для бильярда 148 см пул Astro Hercules 2-составной / разборный";"Бильярд > Прочее > Аксессуары"
"12396";"Бильярд";"Кии";"пул; разборный; 148 см; Astro";"Кий для бильярда 148 см пул Astro Orion 2-составной / разборный";"Бильярд > Прочее > Аксессуары"
"9094";"Бильярд";"Кии";"пул; разборный; 148 см; Astro";"Кий для бильярда 148 см пул Astro Saturn 2-составной / разборный";"Бильярд > Прочее > Аксессуары"
"9122";"Бильярд";"Кии";"пул; разборный; 148 см; Astro";"Кий для бильярда 148 см пул Astro Scorpion 2-составной / разборный";"Бильярд > Прочее > Аксессуары"
"12397";"Бильярд";"Кии";"пул; разборный; 148 см; Astro";"Кий для бильярда 148 см пул Astro Sirius 2-составной / разборный";"Бильярд > Прочее > Аксессуары"
"12398";"Бильярд";"Кии";"пул; разборный; 148 см; Astro";"Кий для бильярда 148 см пул Astro Taurus 2-составной / разборный";"Бильярд > Прочее > Аксессуары"
"12399";"Бильярд";"Кии";"пул; разборный; 148 см; Astro";"Кий для бильярда 148 см пул Astro Titan 2-составной / разборный";"Бильярд > Прочее > Аксессуары"
"12400";"Бильярд";"Кии";"пул; разборный; 148 см; Astro";"Кий для бильярда 148 см пул Astro Vega 2-составной / разборный";"Бильярд > Прочее > Аксессуары"
"5199";"Бильярд";"Кии";"пул; разборный; 148 см; Player";"Кий для бильярда 148 см пул Player 2-составной/разборный 148см";"Бильярд > Прочее > Аксессуары"
"16179";"Бильярд";"Кии";"пул; цельный; 148 см; Player";"Кий для бильярда 148 см пул Player Black 1-составной/цельный";"Бильярд > Прочее > Аксессуары"
"13659";"Бильярд";"Кии";"пул; цельный; 148 см; Player";"Кий для бильярда 148 см пул Player Brown 1-составной/цельный";"Бильярд > Прочее > Аксессуары"
"9339";"Бильярд";"Кии";"пул; разборный; 149 см; Maple Crown; Crown";"Кий для бильярда 149 см / для пула 2-составной Maple Crown D-501";"Бильярд > Прочее > Аксессуары"
"16519";"Бильярд";"Кии";"пул; разборный; 149 см; Maple Crown; Crown";"Кий для бильярда 149 см / для пула 2-составной Maple Crown D-509";"Бильярд > Прочее > Аксессуары"
"9340";"Бильярд";"Кии";"пул; разборный; 149 см; Maple Crown; Crown";"Кий для бильярда 149 см / для пула 2-составной Maple Crown D-510";"Бильярд > Прочее > Аксессуары"
"16501";"Бильярд";"Кии";"пул; разборный; 151 см; Maple Crown; Crown";"Кий для бильярда 151 см / для пула 2-составной Maple Crown MA-01";"Бильярд > Прочее > Аксессуары"
"16502";"Бильярд";"Кии";"пул; разборный; 151 см; Maple Crown; Crown";"Кий для бильярда 151 см / для пула 2-составной Maple Crown MA-02";"Бильярд > Прочее > Аксессуары"
"16503";"Бильярд";"Кии";"пул; разборный; 151 см; Maple Crown; Crown";"Кий для бильярда 151 см / для пула 2-составной Maple Crown MA-03";"Бильярд > Прочее > Аксессуары"
"13202";"Бильярд";"Кии";"русский бильярд; цельный; 159 см; Player";"Кий для бильярда русского 159 см Player Black 1-составной/цельный";"Бильярд > Прочее > Аксессуары"
"15874";"Бильярд";"Кии";"русский бильярд; цельный; 159 см; Player";"Кий для бильярда русского 159 см Player Brown 1-составной/цельный";"Бильярд > Прочее > Аксессуары"
"12845";"Бильярд";"Кии";"русский бильярд; разборный; 162 см; Player";"Кий для бильярда русского 162 см Player 2-составной/разборный";"Бильярд > Прочее > Аксессуары"
"12487";"Бильярд";"Кии";"снукер; разборный";"Кий для бильярдный снукера Bradford 3/4 с удлинителем 2-составной";"Бильярд > Прочее > Аксессуары"
"12466";"Бильярд";"Кии";"русский бильярд; разборный; 161 см; Astro";"Кий для бипьярда 161 см русский бильярд Astro Atlas 2-составной / разборный";"Бильярд > Прочее > Аксессуары"
"9270";"Бильярд";"Кии";"русский бильярд; разборный; 161 см; Astro";"Кий для бипьярда 161 см русский бильярд Astro Excalibur 2-составной / разборный";"Бильярд > Прочее > Аксессуары"
"9269";"Бильярд";"Кии";"русский бильярд; разборный; 161 см; Astro";"Кий для бипьярда 161 см русский бильярд Astro Hercules 2-составной / разборный";"Бильярд > Прочее > Аксессуары"
"12485";"Бильярд";"Кии";"русский бильярд; разборный; 161 см; Astro";"Кий для бипьярда 161 см русский бильярд Astro Mystery 2-составной / разборный";"Бильярд > Прочее > Аксессуары"
"12486";"Бильярд";"Кии";"русский бильярд; разборный; 161 см; Astro";"Кий для бипьярда 161 см русский бильярд Astro Mystery 2-составной / разборный";"Бильярд > Прочее > Аксессуары"
"9267";"Бильярд";"Кии";"русский бильярд; разборный; 161 см; Astro";"Кий для бипьярда 161 см русский бильярд Astro Mystery 2-составной / разборный";"Бильярд > Прочее > Аксессуары"
"9278";"Бильярд";"Кии";"русский бильярд; разборный; 161 см; Astro";"Кий для бипьярда 161 см русский бильярд Astro Orion 2-составной / разборный";"Бильярд > Прочее > Аксессуары"
"9268";"Бильярд";"Кии";"русский бильярд; разборный; 161 см; Astro";"Кий для бипьярда 161 см русский бильярд Astro Saturn 2-составной / разборный";"Бильярд > Прочее > Аксессуары"
"9414";"Бильярд";"Кии";"русский бильярд; разборный; 161 см; Astro";"Кий для бипьярда 161 см русский бильярд Astro Scorpion 2-составной / разборный";"Бильярд > Прочее > Аксессуары"
"9470";"Бильярд";"Кии";"русский бильярд; разборный; 161 см; Astro";"Кий для бипьярда 161 см русский бильярд Astro Sirius 2-составной / разборный";"Бильярд > Прочее > Аксессуары"
"9279";"Бильярд";"Кии";"русский бильярд; разборный; 161 см; Astro";"Кий для бипьярда 161 см русский бильярд Astro Taurus 2-составной / разборный";"Бильярд > Прочее > Аксессуары"
"12484";"Бильярд";"Кии";"русский бильярд; разборный; 161 см; Astro";"Кий для бипьярда 161 см русский бильярд Astro Titan 2-составной / разборный";"Бильярд > Прочее > Аксессуары"
"9356";"Бильярд";"Кии";"русский бильярд; разборный; 161 см; Astro";"Кий для бипьярда 161 см русский бильярд Astro Vega 2-составной / разборный";"Бильярд > Прочее > Аксессуары"
"16179-4";"Бильярд";"Кии";"пул; 148 см; Player";"Комплект 4 киев для пула 148 см Player Black 1-составные /цельные";"Бильярд > Прочее > Аксессуары"
"13202-4";"Бильярд";"Кии";"русский бильярд; 159 см; Player";"Комплект 4 киев для русского бильярда 159 см Player Black 1-составные /цельные";"Бильярд > Прочее > Аксессуары"
"15307";"Бильярд";"Комплектующие столов";"крюки";"Крюк для бильярдного стола Premium 20,5 см стальной";"Бильярд > Прочее > Аксессуары"
"12508";"Бильярд";"Аксессуары";"мосты; 107 см; Longoni";"Мост бильярдный и древко для моста 107 см Longoni Zenith Lux односоставное / цельное";"Бильярд > Прочее > Аксессуары"
"13033";"Бильярд";"Аксессуары";"мосты; 180 см; Fiberglass";"Мост бильярдный и древко для моста 180 см Fiberglass двухсоставное / разборное";"Бильярд > Прочее > Аксессуары"
"13033.У";"Бильярд";"Аксессуары";"мосты; 180 см; Fiberglass";"Мост бильярдный и древко для моста 180 см Fiberglass двухсоставное / разборное. Товар уцененный";"Бильярд > Прочее > Аксессуары"
"1937";"Бильярд";"Аксессуары";"мосты; Porter";"Мост для кия (""теща"") / машинка для бильярда Porter Cross латунный";"Бильярд > Прочее > Аксессуары"
"1938";"Бильярд";"Аксессуары";"мосты; Porter; Crown";"Мост для кия (""теща"") / машинка для бильярда Porter Crown латунная";"Бильярд > Прочее > Аксессуары"
"1939";"Бильярд";"Аксессуары";"мосты; Porter";"Мост для кия (""теща"") / машинка для бильярда Porter Spyder латунная";"Бильярд > Прочее > Аксессуары"
"9536-4-2314";"Бильярд";"Аксессуары";"мел; Tweeten; O'MinCues";"Набор из 4-х мелков для бильярда Tweeten Triangle и держателя мела O'MinCues";"Бильярд > Прочее > Аксессуары"
"9536-4-2310";"Бильярд";"Аксессуары";"мел; Tweeten; Porter";"Набор из 4-х мелков для бильярда Tweeten Triangle и держателя мела Porter Cube";"Бильярд > Прочее > Аксессуары"
"9536-4-2460";"Бильярд";"Аксессуары";"мел; Tweeten";"Набор из 4-х мелков для бильярда Tweeten Triangle и муфты для чистки и полировки бильярдного кия";"Бильярд > Прочее > Аксессуары"
"9536-4-2460-2314";"Бильярд";"Аксессуары";"мел; Tweeten";"Набор из 4-х мелков для бильярда Tweeten Triangle, муфты для чистки и полировки бильярдного кия и держателя мела";"Бильярд > Прочее > Аксессуары"
"9536-4-2460-2310";"Бильярд";"Аксессуары";"мел; Tweeten";"Набор из 4-х мелков для бильярда Tweeten Triangle, муфты для чистки и полировки бильярдного кия и держателя мела";"Бильярд > Прочее > Аксессуары"
"13789";"Бильярд";"Комплектующие столов";"пелерины";"Пелерины для луз бильярдного стола 6шт светлая кожа";"Бильярд > Прочее > Аксессуары"
"13218";"Бильярд";"Комплектующие столов";"пелерины";"Пелерины для луз бильярдного стола 6шт темная кожа";"Бильярд > Прочее > Аксессуары"
"2310";"Бильярд";"Аксессуары";"держатели мела; Porter";"Пенал / магнитный держатель бильярдного мела Porter Cube";"Бильярд > Прочее > Аксессуары"
"2314";"Бильярд";"Аксессуары";"держатели мела; Porter; O'MinCues";"Пенал / магнитный держатель бильярдного мела Porter O'MinCues";"Бильярд > Прочее > Аксессуары"
"13162";"Бильярд";"Аксессуары";"держатели киев";"Подвес / держатель бильярдного кия 105 мм 1 штука резиновый черный";"Бильярд > Прочее > Аксессуары"
"9182";"Бильярд";"Аксессуары";"держатели киев";"Подвес / держатель для бильярдных киев 195 мм резиновый черный";"Бильярд > Прочее > Аксессуары"
"13162-4";"Бильярд";"Аксессуары";"держатели киев";"Подвесы / держатели бильярдного кия 105 мм 4 штуки резиновые черные";"Бильярд > Прочее > Аксессуары"
"13162-6";"Бильярд";"Аксессуары";"держатели киев";"Подвесы / держатели бильярдного кия 105 мм 6 штук резиновые черные";"Бильярд > Прочее > Аксессуары"
"9182-4";"Бильярд";"Аксессуары";"держатели киев";"Подвесы / держатели для бильярдных киев 195 мм 4 штуки резиновые черные";"Бильярд > Прочее > Аксессуары"
"9182-6";"Бильярд";"Аксессуары";"держатели киев";"Подвесы / держатели для бильярдных киев 195 мм 6 штук резиновые черные";"Бильярд > Прочее > Аксессуары"
"11639";"Бильярд";"Комплектующие столов";"опоры";"Подпятник / опора для бильярдного стола Premium 14см регулируемый стальной";"Бильярд > Прочее > Аксессуары"
"7141";"Бильярд";"Аксессуары";"полки для шаров";"Полка для бильярдных шаров Легион коричневая";"Бильярд > Прочее > Аксессуары"
"6323";"Бильярд";"Аксессуары";"полки для шаров";"Полка для бильярдных шаров Легион махагон";"Бильярд > Прочее > Аксессуары"
"9077";"Бильярд";"Аксессуары";"полки для шаров";"Полка для бильярдных шаров Легион темно-коричневая";"Бильярд > Прочее > Аксессуары"
"1998";"Бильярд";"Комплектующие столов";"резина для бортов; 10 фт; Porter";"Резина для бильярда 10 футов Porter Premium U-118 152см";"Бильярд > Прочее > Аксессуары"
"1999";"Бильярд";"Комплектующие столов";"резина для бортов; 12 фт; Porter";"Резина для бильярда 12 футов Porter Premium U-118 182см";"Бильярд > Прочее > Аксессуары"
"16516";"Бильярд";"Комплектующие столов";"резина для бортов; 9 фт; Porter";"Резина для бильярда 9 футов Porter Premium U-118 145см";"Бильярд > Прочее > Аксессуары"
"16092";"Бильярд";"Комплектующие столов";"сетки для луз";"Сетки для бильярдных луз Pro 68 мм нейлон 6шт";"Бильярд > Прочее > Аксессуары"
"15657";"Бильярд";"Комплектующие столов";"сетки для луз";"Сетки для бильярдных луз RU-12 68 мм нейлон 6шт";"Бильярд > Прочее > Аксессуары"
"15656";"Бильярд";"Комплектующие столов";"сетки для луз";"Сетки для бильярдных луз под скаты 68 мм нейлон 6шт";"Бильярд > Прочее > Аксессуары"
"12900";"Бильярд";"Комплектующие столов";"сетки для луз";"Сетки для бильярдных луз со скатами 68 мм нейлон 6шт";"Бильярд > Прочее > Аксессуары"
"9183";"Бильярд";"Комплектующие столов";"сетки для луз";"Сетки для луз бильярдных столов 6 штук нейлоновые";"Бильярд > Прочее > Аксессуары"
"6303";"Бильярд";"Комплектующие столов";"сетки для луз";"Сетки для луз со скатами бильярдных столов 6 штук нейлоновые";"Бильярд > Прочее > Аксессуары"
"2027";"Бильярд";"Комплектующие столов";"скобы";"Скобы для бильярдных луз латунные 6шт";"Бильярд > Прочее > Аксессуары"
"2605";"Бильярд";"Аксессуары";"уход за шарами; Aramith";"Средство для чистки бильярдных шаров Aramith Ball Cleaner 250 мл";"Бильярд > Прочее > Аксессуары"
"1932";"Бильярд";"Аксессуары";"щётки; Iwan Simonis";"Станок / щетка для бильярдного стола Iwan Simonis X1";"Бильярд > Прочее > Аксессуары"
"16383";"Бильярд";"Аксессуары";"щётки";"Станок / щетка для чистки сукна бильярдного стола коричневый";"Бильярд > Прочее > Аксессуары"
"16384";"Бильярд";"Аксессуары";"щётки";"Станок / щетка для чистки сукна бильярдного стола махагон";"Бильярд > Прочее > Аксессуары"
"16385";"Бильярд";"Аксессуары";"щётки";"Станок / щетка для чистки сукна бильярдного стола темно-коричневый";"Бильярд > Прочее > Аксессуары"
"9217";"Бильярд";"Аксессуары";"тренажёры";"Тренажер бильярдный Стоп-Шар 2.0 для отработки ударов";"Бильярд > Прочее > Аксессуары"
"2616";"Бильярд";"Аксессуары";"инструменты; Porter";"Фиксатор для приклеивания бильярдных наклеек 10-12,5 мм Porter Queen";"Бильярд > Прочее > Аксессуары"
"1143";"Бильярд";"Тубусы и чехлы для киев";"русский бильярд; Porter; футляр; 2 отд.";"Футляр / кейс для кия бильярдного Porter Moscow, 80 см, русский бильярд, 2 отделения";"Бильярд > Прочее > Аксессуары"
"11179";"Бильярд";"Тубусы и чехлы для киев";"русский бильярд; чехол";"Чехол для 2-х киев бильярдных двухсоставных Standard Duo русский бильярд синий";"Бильярд > Прочее > Аксессуары"
"9108";"Бильярд";"Тубусы и чехлы для киев";"русский бильярд; чехол";"Чехол для 2-х киев бильярдных двухсоставных Standard Duo русский бильярд черный";"Бильярд > Прочее > Аксессуары"
"9167";"Бильярд";"Тубусы и чехлы для киев";"пул; Porter; чехол; 2 отд.";"Чехол для кия бильярдного Porter Afrika, 81 см, пул, 2 отделения";"Бильярд > Прочее > Аксессуары"
"1055";"Бильярд";"Тубусы и чехлы для киев";"русский бильярд; Porter; чехол; 2 отд.";"Чехол для кия бильярдного Porter Afrika, 88 см, русский бильярд, 2 отделения";"Бильярд > Прочее > Аксессуары"
"11173";"Бильярд";"Тубусы и чехлы для киев";"русский бильярд; чехол";"Чехол для кия бильярдного двухсоставного Standard русский бильярд синий";"Бильярд > Прочее > Аксессуары"
"9126";"Бильярд";"Тубусы и чехлы для киев";"русский бильярд; чехол";"Чехол для кия бильярдного двухсоставного Standard русский бильярд черный";"Бильярд > Прочее > Аксессуары"
"1827";"Бильярд";"Шары";"пул; 57,2 мм";"Шары бильярдные для пула 57,2 мм Standard";"Бильярд > Прочее > Аксессуары"
"1821";"Бильярд";"Шары";"пул; 57,2 мм; Aramith";"Шары для бильярда / пула 57,2 мм Aramith Economic";"Бильярд > Прочее > Аксессуары"
"1822";"Бильярд";"Шары";"пул; 57,2 мм; Aramith";"Шары для бильярда / пула 57,2 мм Aramith Premier";"Бильярд > Прочее > Аксессуары"
"12636";"Бильярд";"Шары";"пул; 57,2 мм; Aramith";"Шары для бильярда / пула 57,2 мм Aramith Premium и чистящие средства в кейсе";"Бильярд > Прочее > Аксессуары"
"1824";"Бильярд";"Шары";"пул; 57,2 мм; Aramith";"Шары для бильярда / пула 57,2 мм Aramith Super Pro";"Бильярд > Прочее > Аксессуары"
"12637";"Бильярд";"Шары";"пул; 57,2 мм; Aramith";"Шары для бильярда / пула 57,2 мм Aramith Super Pro и чистящие средства в кейсе";"Бильярд > Прочее > Аксессуары"
"12638";"Бильярд";"Шары";"пул; 57,2 мм; Aramith";"Шары для бильярда / пула 57,2 мм Aramith Super Pro-Cup TV и чистящие средства в кейсе";"Бильярд > Прочее > Аксессуары"
"6871";"Бильярд";"Шары";"пул; 57,2 мм; Aramith";"Шары для бильярда / пула 57,2 мм Aramith Tournament";"Бильярд > Прочее > Аксессуары"
"9054";"Бильярд";"Шары";"пул; 57,2 мм; Aramith";"Шары для бильярда / пула 57,2 мм Aramith Tournament Pro-Cup TV";"Бильярд > Прочее > Аксессуары"
"1835";"Бильярд";"Шары";"снукер; 52,4 мм; Aramith";"Шары для бильярда / снукера 52,4 мм Aramith Premier";"Бильярд > Прочее > Аксессуары"
"1820";"Бильярд";"Шары";"пул; 57,2 мм; Aramith";"Шары для бильярда 57,2 мм Aramith Continental для американского пула";"Бильярд > Прочее > Аксессуары"
"3918";"Бильярд";"Шары";"пул; 57,2 мм; Aramith";"Шары для бильярда 57,2 мм Aramith Standard для американского пула";"Бильярд > Прочее > Аксессуары"
"15658";"Бильярд";"Шары";"пул; 57,2 мм; Champion";"Шары для бильярда 57,2 мм пул Champion Pro Pool";"Бильярд > Прочее > Аксессуары"
"6342";"Бильярд";"Шары";"русский бильярд; 57,2 мм";"Шары для бильярда 57,2 мм русский бильярд / пирамида Standard биток бордовый";"Бильярд > Прочее > Аксессуары"
"1829";"Бильярд";"Шары";"русский бильярд; 60,3 мм; Aramith";"Шары для бильярда 60,3 мм Aramith Premier / шары для русского бильярд с бордовым битком";"Бильярд > Прочее > Аксессуары"
"9351";"Бильярд";"Шары";"русский бильярд; 60,3 мм; Aramith";"Шары для бильярда 60,3 мм Aramith Standard / шары для русского бильярда с бордовым битком";"Бильярд > Прочее > Аксессуары"
"13938";"Бильярд";"Шары";"русский бильярд; 60,3 мм; Champion";"Шары для бильярда 60,3 мм русский бильярд / пирамида Champion Pro бордовый биток";"Бильярд > Прочее > Аксессуары"
"6335";"Бильярд";"Шары";"русский бильярд; Aramith";"Шары для бильярда 67 мм Aramith Super Pro-Cup Tournament / шары для русского бильярда";"Бильярд > Прочее > Аксессуары"
"16152";"Бильярд";"Шары";"русский бильярд; Aramith";"Шары для бильярда 67 мм Aramith Super Pro-Cup Tournament Standard Quality / шары для русского бильярда";"Бильярд > Прочее > Аксессуары"
"1828";"Бильярд";"Шары";"русский бильярд; Aramith";"Шары для бильярда 68 мм Aramith Premier / шары для русского бильярда с бордовым битком";"Бильярд > Прочее > Аксессуары"
"5108";"Бильярд";"Шары";"русский бильярд; Aramith";"Шары для бильярда 68 мм Aramith Premier для русского бильярда, биток желтый";"Бильярд > Прочее > Аксессуары"
"9350";"Бильярд";"Шары";"русский бильярд; Aramith";"Шары для бильярда 68 мм Aramith Standard 68мм / шары для русского бильярда с бордовым битком";"Бильярд > Прочее > Аксессуары"
"1830";"Бильярд";"Шары";"русский бильярд; Aramith";"Шары для бильярда 68 мм Aramith Standard для русского бильярда, биток желтый";"Бильярд > Прочее > Аксессуары"
"13940";"Бильярд";"Шары";"русский бильярд; Champion";"Шары для бильярда 68 мм русский бильярд / пирамида Champion DeLuxe бордовый биток";"Бильярд > Прочее > Аксессуары"
"11868";"Бильярд";"Шары";"русский бильярд";"Шары для бильярда 68 мм русский бильярд / пирамида Standard желтый биток";"Бильярд > Прочее > Аксессуары"
"1833";"Бильярд";"Шары";"русский бильярд; 60,3 мм";"Шары для русского бильярда 60,3 мм Standard бордовый биток";"Бильярд > Прочее > Аксессуары"
"13939";"Бильярд";"Шары";"русский бильярд; Champion";"Шары для русского бильярда 68 мм Champion Pro биток бордовый";"Бильярд > Прочее > Аксессуары"
"1834";"Бильярд";"Шары";"русский бильярд";"Шары для русского бильярда 68 мм Standard бордовый биток";"Бильярд > Прочее > Аксессуары"
"11281";"Бильярд";"Аксессуары";"щётки; 26 см";"Щетка для бильярдного стола 26см конский волос коричневая";"Бильярд > Прочее > Аксессуары"
"11282";"Бильярд";"Аксессуары";"щётки; 26 см";"Щетка для бильярдного стола Premium 26см конский волос махагон";"Бильярд > Прочее > Аксессуары"
"9559";"Бильярд";"Аксессуары";"щётки; 30 см";"Щетка для бильярдного стола Premium 30см конский волос коричневая";"Бильярд > Прочее > Аксессуары"
"11345";"Бильярд";"Аксессуары";"щётки; 30 см";"Щетка для бильярдного стола Premium 30см конский волос махагон";"Бильярд > Прочее > Аксессуары"
"11347";"Бильярд";"Аксессуары";"щётки";"Щетка для бильярдного стола Sfera нейлон махагон";"Бильярд > Прочее > Аксессуары"
"11350";"Бильярд";"Аксессуары";"щётки; 22 см";"Щетка для бильярдного стола Standard 22 см нейлон коричневая";"Бильярд > Прочее > Аксессуары"
"11351";"Бильярд";"Аксессуары";"щётки; 22 см";"Щетка для бильярдного стола Standard 22 см нейлон махагон";"Бильярд > Прочее > Аксессуары"
"9198";"Бильярд";"Аксессуары";"щётки; 26 см";"Щетка для бильярдного стола Standard 26 см нейлон махагон";"Бильярд > Прочее > Аксессуары"
"11348";"Бильярд";"Аксессуары";"щётки; 30 см";"Щетка для бильярдного стола Standard 30 см нейлон махагон";"Бильярд > Прочее > Аксессуары"
"11349";"Бильярд";"Аксессуары";"щётки; 30 см";"Щетка для бильярдного стола Standard 30 см нейлон темно-коричневая";"Бильярд > Прочее > Аксессуары"
"11352";"Бильярд";"Аксессуары";"щётки; 21 см";"Щетка для бильярдного стола Universal 21 см конский волос";"Бильярд > Прочее > Аксессуары"
"16406-10";"Бильярд";"Сукно";"10 фт; Champion";"Сукно для бильярдного стола 10 футов Champion Gold 70% шерсть 30% нейлон 400x195 см";"Бильярд > Сукно и покрытия > Сукно"
"9060-10";"Бильярд";"Сукно";"10 фт";"Сукно для бильярдного стола 10 футов Eurospint Rus Pro 45% шерсть 55% нейлон 400x198 см";"Бильярд > Сукно и покрытия > Сукно"
"16528-10";"Бильярд";"Сукно";"10 фт; Grand";"Сукно для бильярдного стола 10 футов Grand 50% шерсть 50% полиэстер 400x200 см";"Бильярд > Сукно и покрытия > Сукно"
"16422-10";"Бильярд";"Сукно";"10 фт; Grand";"Сукно для бильярдного стола 10 футов Grand 70% шерсть 30% полиэстер 400x200 см";"Бильярд > Сукно и покрытия > Сукно"
"1875-10";"Бильярд";"Сукно";"10 фт; Iwan Simonis";"Сукно для бильярдного стола 10 футов Iwan Simonis 760 Yellow Green 4,0 х 1,95 м 70% шерсть 30% нейлон";"Бильярд > Сукно и покрытия > Сукно"
"1882-10";"Бильярд";"Сукно";"10 фт; Iwan Simonis";"Сукно для бильярдного стола 10 футов Iwan Simonis 860 Yellow Green 4,0 х 1,98 м 90% шерсть 10% нейлон";"Бильярд > Сукно и покрытия > Сукно"
"16530.10";"Бильярд";"Сукно";"10 фт; ManCity";"Сукно для бильярдного стола 10 футов ManCity Prime 60% шерсть 40% нейлон 370 г/м2 4,00 х 1,95 м";"Бильярд > Сукно и покрытия > Сукно"
"15282-10";"Бильярд";"Сукно";"10 фт; Manhattan";"Сукно для бильярдного стола 10 футов Manhattan 100% полиэстер 400x195 см";"Бильярд > Сукно и покрытия > Сукно"
"15328-10";"Бильярд";"Сукно";"10 фт; Manhattan";"Сукно для бильярдного стола 10 футов Manhattan 70% шерсть 30% нейлон 400x195 см";"Бильярд > Сукно и покрытия > Сукно"
"12960-10";"Бильярд";"Сукно";"10 фт; Mirtex";"Сукно для бильярдного стола 10 футов Mirtex Kingston 100% акрил 400x200 см";"Бильярд > Сукно и покрытия > Сукно"
"6870-10";"Бильярд";"Сукно";"10 фт; Mirtex";"Сукно для бильярдного стола 10 футов Mirtex Spirit 100% акрил 400x200 см";"Бильярд > Сукно и покрытия > Сукно"
"9221-10";"Бильярд";"Сукно";"10 фт; Porter";"Сукно для бильярдного стола 10 футов Porter 370 Pro 4х1,95 м 60% шерсть 40% нейлон";"Бильярд > Сукно и покрытия > Сукно"
"16406-12";"Бильярд";"Сукно";"12 фт; Champion";"Сукно для бильярдного стола 12 футов Champion Gold 70% шерсть 30% нейлон 500x195 см";"Бильярд > Сукно и покрытия > Сукно"
"9060-12";"Бильярд";"Сукно";"12 фт";"Сукно для бильярдного стола 12 футов Eurospint Rus Pro 45% шерсть 55% нейлон 500x198 см";"Бильярд > Сукно и покрытия > Сукно"
"16528-12";"Бильярд";"Сукно";"12 фт; Grand";"Сукно для бильярдного стола 12 футов Grand 50% шерсть 50% полиэстер 500x200 см";"Бильярд > Сукно и покрытия > Сукно"
"16422-12";"Бильярд";"Сукно";"12 фт; Grand";"Сукно для бильярдного стола 12 футов Grand 70% шерсть 30% полиэстер 500x200 см";"Бильярд > Сукно и покрытия > Сукно"
"1875-12";"Бильярд";"Сукно";"12 фт; Iwan Simonis";"Сукно для бильярдного стола 12 футов Iwan Simonis 760 Yellow Green 5,0 х 1,95 м 70% шерсть 30% нейлон";"Бильярд > Сукно и покрытия > Сукно"
"1882-12";"Бильярд";"Сукно";"12 фт; Iwan Simonis";"Сукно для бильярдного стола 12 футов Iwan Simonis 860 Yellow Green 5,0 х 1,98 м 90% шерсть 10% нейлон";"Бильярд > Сукно и покрытия > Сукно"
"16530.12";"Бильярд";"Сукно";"12 фт; ManCity";"Сукно для бильярдного стола 12 футов ManCity Prime 60% шерсть 40% нейлон 370 г/м2 5,00 х 1,95 м";"Бильярд > Сукно и покрытия > Сукно"
"15282-12";"Бильярд";"Сукно";"12 фт; Manhattan";"Сукно для бильярдного стола 12 футов Manhattan 100% полиэстер 500x195 см";"Бильярд > Сукно и покрытия > Сукно"
"15328-12";"Бильярд";"Сукно";"12 фт; Manhattan";"Сукно для бильярдного стола 12 футов Manhattan 70% шерсть 30% нейлон 500x195 см";"Бильярд > Сукно и покрытия > Сукно"
"12960-12";"Бильярд";"Сукно";"12 фт; Mirtex";"Сукно для бильярдного стола 12 футов Mirtex Kingston 100% акрил 500x200 см";"Бильярд > Сукно и покрытия > Сукно"
"6870-12";"Бильярд";"Сукно";"12 фт; Mirtex";"Сукно для бильярдного стола 12 футов Mirtex Spirit 100% акрил 500x200 см";"Бильярд > Сукно и покрытия > Сукно"
"9221-12";"Бильярд";"Сукно";"12 фт; Porter";"Сукно для бильярдного стола 12 футов Porter 370 Pro 5,0х1,95 м 60% шерсть 40% нейлон";"Бильярд > Сукно и покрытия > Сукно"
"16406-7";"Бильярд";"Сукно";"7 фт; Champion";"Сукно для бильярдного стола 7 футов Champion Gold 70% шерсть 30% нейлон 230x195 см";"Бильярд > Сукно и покрытия > Сукно"
"9060-7";"Бильярд";"Сукно";"7 фт";"Сукно для бильярдного стола 7 футов Eurospint Rus Pro 45% шерсть 55% нейлон 230x198 см";"Бильярд > Сукно и покрытия > Сукно"
"16528-7";"Бильярд";"Сукно";"7 фт; Grand";"Сукно для бильярдного стола 7 футов Grand 50% шерсть 50% полиэстер 230x200 см";"Бильярд > Сукно и покрытия > Сукно"
"16422-7";"Бильярд";"Сукно";"7 фт; Grand";"Сукно для бильярдного стола 7 футов Grand 70% шерсть 30% полиэстер 230x200 см";"Бильярд > Сукно и покрытия > Сукно"
"1875-7";"Бильярд";"Сукно";"7 фт; Iwan Simonis";"Сукно для бильярдного стола 7 футов Iwan Simonis 760 Yellow Green 2,3 х 1,95 м 70% шерсть 30% нейлон";"Бильярд > Сукно и покрытия > Сукно"
"1882-7";"Бильярд";"Сукно";"7 фт; Iwan Simonis";"Сукно для бильярдного стола 7 футов Iwan Simonis 860 Yellow Green 2,3 х 1,98 м 90% шерсть 10% нейлон";"Бильярд > Сукно и покрытия > Сукно"
"16530.7";"Бильярд";"Сукно";"7 фт; ManCity";"Сукно для бильярдного стола 7 футов ManCity Prime 60% шерсть 40% нейлон 370 г/м2 2,30 х 1,95 м";"Бильярд > Сукно и покрытия > Сукно"
"15282-7";"Бильярд";"Сукно";"7 фт; Manhattan";"Сукно для бильярдного стола 7 футов Manhattan 100% полиэстер 230x195 см";"Бильярд > Сукно и покрытия > Сукно"
"15328-7";"Бильярд";"Сукно";"7 фт; Manhattan";"Сукно для бильярдного стола 7 футов Manhattan 70% шерсть 30% нейлон 230x195 см";"Бильярд > Сукно и покрытия > Сукно"
"12960-7";"Бильярд";"Сукно";"7 фт; Mirtex";"Сукно для бильярдного стола 7 футов Mirtex Kingston 100% акрил 230x200 см";"Бильярд > Сукно и покрытия > Сукно"
"6870-7";"Бильярд";"Сукно";"7 фт; Mirtex";"Сукно для бильярдного стола 7 футов Mirtex Spirit 100% акрил 230x200 см";"Бильярд > Сукно и покрытия > Сукно"
"9221-7";"Бильярд";"Сукно";"7 фт; Porter";"Сукно для бильярдного стола 7 футов Porter 370 Pro 2,3х1,95 м 60% шерсть 40% нейлон";"Бильярд > Сукно и покрытия > Сукно"
"16406-8";"Бильярд";"Сукно";"8 фт; Champion";"Сукно для бильярдного стола 8 футов Champion Gold 70% шерсть 30% нейлон 260x195 см";"Бильярд > Сукно и покрытия > Сукно"
"9060-8";"Бильярд";"Сукно";"8 фт";"Сукно для бильярдного стола 8 футов Eurospint Rus Pro 45% шерсть 55% нейлон 260x198 см";"Бильярд > Сукно и покрытия > Сукно"
"16528-8";"Бильярд";"Сукно";"8 фт; Grand";"Сукно для бильярдного стола 8 футов Grand 50% шерсть 50% полиэстер 260x200 см";"Бильярд > Сукно и покрытия > Сукно"
"16422-8";"Бильярд";"Сукно";"8 фт; Grand";"Сукно для бильярдного стола 8 футов Grand 70% шерсть 30% полиэстер 260x200 см";"Бильярд > Сукно и покрытия > Сукно"
"1875-8";"Бильярд";"Сукно";"8 фт; Iwan Simonis";"Сукно для бильярдного стола 8 футов Iwan Simonis 760 Yellow Green 2,6 х 1,95 м 70% шерсть 30% нейлон";"Бильярд > Сукно и покрытия > Сукно"
"1882-8";"Бильярд";"Сукно";"8 фт; Iwan Simonis";"Сукно для бильярдного стола 8 футов Iwan Simonis 860 Yellow Green 2,6 х 1,98 м 90% шерсть 10% нейлон";"Бильярд > Сукно и покрытия > Сукно"
"16530.8";"Бильярд";"Сукно";"8 фт; ManCity";"Сукно для бильярдного стола 8 футов ManCity Prime 60% шерсть 40% нейлон 370 г/м2 2,60 х 1,95 м";"Бильярд > Сукно и покрытия > Сукно"
"15282-8";"Бильярд";"Сукно";"8 фт; Manhattan";"Сукно для бильярдного стола 8 футов Manhattan 100% полиэстер 260x195 см";"Бильярд > Сукно и покрытия > Сукно"
"15328-8";"Бильярд";"Сукно";"8 фт; Manhattan";"Сукно для бильярдного стола 8 футов Manhattan 70% шерсть 30% нейлон 260x195 см";"Бильярд > Сукно и покрытия > Сукно"
"12960-8";"Бильярд";"Сукно";"8 фт; Mirtex";"Сукно для бильярдного стола 8 футов Mirtex Kingston 100% акрил 260x200 см";"Бильярд > Сукно и покрытия > Сукно"
"6870-8";"Бильярд";"Сукно";"8 фт; Mirtex";"Сукно для бильярдного стола 8 футов Mirtex Spirit 100% акрил 260x200 см";"Бильярд > Сукно и покрытия > Сукно"
"9221-8";"Бильярд";"Сукно";"8 фт; Porter";"Сукно для бильярдного стола 8 футов Porter 370 Pro 2,6х1,95 м 60% шерсть 40% нейлон";"Бильярд > Сукно и покрытия > Сукно"
"16406-9";"Бильярд";"Сукно";"9 фт; Champion";"Сукно для бильярдного стола 9 футов Champion Gold 70% шерсть 30% нейлон 330x195 см";"Бильярд > Сукно и покрытия > Сукно"
"9060-9";"Бильярд";"Сукно";"9 фт";"Сукно для бильярдного стола 9 футов Eurospint Rus Pro 45% шерсть 55% нейлон 330x198 см";"Бильярд > Сукно и покрытия > Сукно"
"16528-9";"Бильярд";"Сукно";"9 фт; Grand";"Сукно для бильярдного стола 9 футов Grand 50% шерсть 50% полиэстер 330x200 см";"Бильярд > Сукно и покрытия > Сукно"
"16422-9";"Бильярд";"Сукно";"9 фт; Grand";"Сукно для бильярдного стола 9 футов Grand 70% шерсть 30% полиэстер 330x200 см";"Бильярд > Сукно и покрытия > Сукно"
"1875-9";"Бильярд";"Сукно";"9 фт; Iwan Simonis";"Сукно для бильярдного стола 9 футов Iwan Simonis 760 Yellow Green 3,3 х 1,95 м 70% шерсть 30% нейлон";"Бильярд > Сукно и покрытия > Сукно"
"1882-9";"Бильярд";"Сукно";"9 фт; Iwan Simonis";"Сукно для бильярдного стола 9 футов Iwan Simonis 860 Yellow Green 3,3 х 1,98 м 90% шерсть 10% нейлон";"Бильярд > Сукно и покрытия > Сукно"
"16530.9";"Бильярд";"Сукно";"9 фт; ManCity";"Сукно для бильярдного стола 9 футов ManCity Prime 60% шерсть 40% нейлон 370 г/м2 3,30 х 1,95 м";"Бильярд > Сукно и покрытия > Сукно"
"15282-9";"Бильярд";"Сукно";"9 фт; Manhattan";"Сукно для бильярдного стола 9 футов Manhattan 100% полиэстер 330x195 см";"Бильярд > Сукно и покрытия > Сукно"
"15328-9";"Бильярд";"Сукно";"9 фт; Manhattan";"Сукно для бильярдного стола 9 футов Manhattan 70% шерсть 30% нейлон 330x195 см";"Бильярд > Сукно и покрытия > Сукно"
"12960-9";"Бильярд";"Сукно";"9 фт; Mirtex";"Сукно для бильярдного стола 9 футов Mirtex Kingston 100% акрил 330x200 см";"Бильярд > Сукно и покрытия > Сукно"
"6870-9";"Бильярд";"Сукно";"9 фт; Mirtex";"Сукно для бильярдного стола 9 футов Mirtex Spirit 100% акрил 330x200 см";"Бильярд > Сукно и покрытия > Сукно"
"9221-9";"Бильярд";"Сукно";"9 фт; Porter";"Сукно для бильярдного стола 9 футов Porter 370 Pro 3,3х1,95 м";"Бильярд > Сукно и покрытия > Сукно"
"1168";"Бильярд";"Тубусы и чехлы для киев";"русский бильярд; Porter; тубус; 2 отд.";"Тубус для бильярдного кия Porter Sprint, 84 см, русский бильярд, 2 отделения";"Бильярд > Чехлы и тубусы > Тубусы и футляры"
"9169";"Бильярд";"Тубусы и чехлы для киев";"пул; Porter; тубус; 4 отд.";"Тубус для двух киев бильярдных Porter Battle, 81 см, пул, 4 отделения, коричневый";"Бильярд > Чехлы и тубусы > Тубусы и футляры"
"16025";"Бильярд";"Тубусы и чехлы для киев";"пул; Porter; тубус; 4 отд.";"Тубус для двух киев бильярдных Porter Battle, 81 см, пул, 4 отделения, черный";"Бильярд > Чехлы и тубусы > Тубусы и футляры"
"9168";"Бильярд";"Тубусы и чехлы для киев";"пул; Porter; тубус; 4 отд.";"Тубус для двух киев бильярдных Porter Expert, 81 см, пул, 4 отделения, коричневый";"Бильярд > Чехлы и тубусы > Тубусы и футляры"
"13357";"Бильярд";"Тубусы и чехлы для киев";"пул; Porter; тубус; 4 отд.";"Тубус для двух киев бильярдных Porter Expert, 81 см, пул, 4 отделения, черный";"Бильярд > Чехлы и тубусы > Тубусы и футляры"
"9162";"Бильярд";"Тубусы и чехлы для киев";"русский бильярд; Porter; тубус; 4 отд.";"Тубус для двух киев бильярдных Porter Expert, 85 см, русский бильярд, 4 отделения, коричневый";"Бильярд > Чехлы и тубусы > Тубусы и футляры"
"9163";"Бильярд";"Тубусы и чехлы для киев";"русский бильярд; Porter; тубус; 4 отд.";"Тубус для двух киев бильярдных Porter Expert, 85 см, русский бильярд, 4 отделения, черный";"Бильярд > Чехлы и тубусы > Тубусы и футляры"
"16414";"Бильярд";"Тубусы и чехлы для киев";"русский бильярд; Porter; тубус; 5 отд.";"Тубус для двух киев бильярдных и удлинителя Porter Hunter, 92 см, русский бильярд, 5 отделений";"Бильярд > Чехлы и тубусы > Тубусы и футляры"
"16376";"Бильярд";"Тубусы и чехлы для киев";"пул; Porter; тубус; 4 отд.";"Тубус для двух киев для пула Porter Marshall 4 отделения черный / светло-коричневый";"Бильярд > Чехлы и тубусы > Тубусы и футляры"
"9160";"Бильярд";"Тубусы и чехлы для киев";"пул; Porter; тубус; 3 отд.";"Тубус для кия бильярдного Porter Round 81 см пул 3 отделения черный";"Бильярд > Чехлы и тубусы > Тубусы и футляры"
"16347";"Бильярд";"Тубусы и чехлы для киев";"русский бильярд; Porter; тубус; 3 отд.";"Тубус для кия бильярдного Porter Round 86 см русский бильярд 3 отделения коричневый";"Бильярд > Чехлы и тубусы > Тубусы и футляры"
"16349";"Бильярд";"Тубусы и чехлы для киев";"русский бильярд; Porter; тубус; 3 отд.";"Тубус для кия бильярдного Porter Round 86 см русский бильярд 3 отделения серый";"Бильярд > Чехлы и тубусы > Тубусы и футляры"
"16348";"Бильярд";"Тубусы и чехлы для киев";"русский бильярд; Porter; тубус; 3 отд.";"Тубус для кия бильярдного Porter Round 86 см русский бильярд 3 отделения синий";"Бильярд > Чехлы и тубусы > Тубусы и футляры"
"1164";"Бильярд";"Тубусы и чехлы для киев";"русский бильярд; Porter; тубус; 3 отд.";"Тубус для кия бильярдного Porter Round 86 см русский бильярд 3 отделения черный";"Бильярд > Чехлы и тубусы > Тубусы и футляры"
"16374";"Бильярд";"Тубусы и чехлы для киев";"русский бильярд; Porter; тубус; 2 отд.";"Тубус для кия бильярдного Porter Round Plus 86 см русский бильярд 2 отделения голубой";"Бильярд > Чехлы и тубусы > Тубусы и футляры"
"16373";"Бильярд";"Тубусы и чехлы для киев";"русский бильярд; Porter; тубус; 2 отд.";"Тубус для кия бильярдного Porter Round Plus 86 см русский бильярд 2 отделения черный";"Бильярд > Чехлы и тубусы > Тубусы и футляры"
"16375";"Бильярд";"Тубусы и чехлы для киев";"русский бильярд; Porter; тубус; 3 отд.";"Тубус для кия бильярдного Porter Round Plus 86 см русский бильярд 3 отделения розовый";"Бильярд > Чехлы и тубусы > Тубусы и футляры"
"9161";"Бильярд";"Тубусы и чехлы для киев";"русский бильярд; Porter; тубус; 3 отд.";"Тубус для кия бильярдного и удлинителя Porter Trio 86 см русский бильярд 3 отделения";"Бильярд > Чехлы и тубусы > Тубусы и футляры"
"16374-16375";"Бильярд";"Тубусы и чехлы для киев";"русский бильярд; Porter; тубус";"Тубусы для бильярдных киев Porter Round Plus 2 штуки 86 см русский бильярд голубой/розовый";"Бильярд > Чехлы и тубусы > Тубусы и футляры"
"11300";"Бильярд";"Покрывала и чехлы для столов";"10 фт; покрывало";"Покрывало для бильярдного стола 10 футов Аллегро желтая бахрома";"Бильярд > Чехлы и тубусы > Чехлы для столов"
"11301";"Бильярд";"Покрывала и чехлы для столов";"10 фт; покрывало";"Покрывало для бильярдного стола 10 футов Аллегро зеленая бахрома";"Бильярд > Чехлы и тубусы > Чехлы для столов"
"13039";"Бильярд";"Покрывала и чехлы для столов";"10 фт; покрывало";"Покрывало для бильярдного стола 10 футов Браво бордовое";"Бильярд > Чехлы и тубусы > Чехлы для столов"
"9276";"Бильярд";"Покрывала и чехлы для столов";"10 фт; покрывало";"Покрывало для бильярдного стола 10 футов Браво зеленое";"Бильярд > Чехлы и тубусы > Чехлы для столов"
"13038";"Бильярд";"Покрывала и чехлы для столов";"10 фт; покрывало";"Покрывало для бильярдного стола 10 футов Браво синее";"Бильярд > Чехлы и тубусы > Чехлы для столов"
"11335";"Бильярд";"Покрывала и чехлы для столов";"10 фт; покрывало";"Покрывало для бильярдного стола 10 футов Карнавал бирюзовое";"Бильярд > Чехлы и тубусы > Чехлы для столов"
"11313";"Бильярд";"Покрывала и чехлы для столов";"10 фт; покрывало";"Покрывало для бильярдного стола 10 футов Карнавал бордовое";"Бильярд > Чехлы и тубусы > Чехлы для столов"
"11314";"Бильярд";"Покрывала и чехлы для столов";"10 фт; покрывало";"Покрывало для бильярдного стола 10 футов Карнавал золотое";"Бильярд > Чехлы и тубусы > Чехлы для столов"
"11315";"Бильярд";"Покрывала и чехлы для столов";"10 фт; покрывало";"Покрывало для бильярдного стола 10 футов Карнавал коричневое";"Бильярд > Чехлы и тубусы > Чехлы для столов"
"11316";"Бильярд";"Покрывала и чехлы для столов";"10 фт; покрывало";"Покрывало для бильярдного стола 10 футов Карнавал оливковое";"Бильярд > Чехлы и тубусы > Чехлы для столов"
"12747";"Бильярд";"Покрывала и чехлы для столов";"10 фт; покрывало";"Покрывало для бильярдного стола 10 футов Карнавал серебристое";"Бильярд > Чехлы и тубусы > Чехлы для столов"
"11317";"Бильярд";"Покрывала и чехлы для столов";"10 фт; покрывало";"Покрывало для бильярдного стола 10 футов Карнавал темно-зеленое";"Бильярд > Чехлы и тубусы > Чехлы для столов"
"9259";"Бильярд";"Покрывала и чехлы для столов";"10 фт; покрывало";"Покрывало для бильярдного стола 10 футов Комильфо желтая бахрома";"Бильярд > Чехлы и тубусы > Чехлы для столов"
"11293";"Бильярд";"Покрывала и чехлы для столов";"10 фт; покрывало";"Покрывало для бильярдного стола 10 футов Комильфо зеленая бахрома";"Бильярд > Чехлы и тубусы > Чехлы для столов"
"11302";"Бильярд";"Покрывала и чехлы для столов";"12 фт; покрывало";"Покрывало для бильярдного стола 12 футов Аллегро желтая бахрома";"Бильярд > Чехлы и тубусы > Чехлы для столов"
"11303";"Бильярд";"Покрывала и чехлы для столов";"12 фт; покрывало";"Покрывало для бильярдного стола 12 футов Аллегро зеленая бахрома";"Бильярд > Чехлы и тубусы > Чехлы для столов"
"13041";"Бильярд";"Покрывала и чехлы для столов";"12 фт; покрывало";"Покрывало для бильярдного стола 12 футов Браво бордовое";"Бильярд > Чехлы и тубусы > Чехлы для столов"
"11298";"Бильярд";"Покрывала и чехлы для столов";"12 фт; покрывало";"Покрывало для бильярдного стола 12 футов Браво зеленое";"Бильярд > Чехлы и тубусы > Чехлы для столов"
"13040";"Бильярд";"Покрывала и чехлы для столов";"12 фт; покрывало";"Покрывало для бильярдного стола 12 футов Браво синее";"Бильярд > Чехлы и тубусы > Чехлы для столов"
"11336";"Бильярд";"Покрывала и чехлы для столов";"12 фт; покрывало";"Покрывало для бильярдного стола 12 футов Карнавал бирюзовое";"Бильярд > Чехлы и тубусы > Чехлы для столов"
"9560";"Бильярд";"Покрывала и чехлы для столов";"12 фт; покрывало";"Покрывало для бильярдного стола 12 футов Карнавал бордовое";"Бильярд > Чехлы и тубусы > Чехлы для столов"
"11318";"Бильярд";"Покрывала и чехлы для столов";"12 фт; покрывало";"Покрывало для бильярдного стола 12 футов Карнавал золотое";"Бильярд > Чехлы и тубусы > Чехлы для столов"
"11319";"Бильярд";"Покрывала и чехлы для столов";"12 фт; покрывало";"Покрывало для бильярдного стола 12 футов Карнавал коричневое";"Бильярд > Чехлы и тубусы > Чехлы для столов"
"9505";"Бильярд";"Покрывала и чехлы для столов";"12 фт; покрывало";"Покрывало для бильярдного стола 12 футов Карнавал оливковое";"Бильярд > Чехлы и тубусы > Чехлы для столов"
"12748";"Бильярд";"Покрывала и чехлы для столов";"12 фт; покрывало";"Покрывало для бильярдного стола 12 футов Карнавал серебристое";"Бильярд > Чехлы и тубусы > Чехлы для столов"
"11320";"Бильярд";"Покрывала и чехлы для столов";"12 фт; покрывало";"Покрывало для бильярдного стола 12 футов Карнавал темно-зеленое";"Бильярд > Чехлы и тубусы > Чехлы для столов"
"9235";"Бильярд";"Покрывала и чехлы для столов";"12 фт; покрывало";"Покрывало для бильярдного стола 12 футов Комильфо желтая бахрома";"Бильярд > Чехлы и тубусы > Чехлы для столов"
"11294";"Бильярд";"Покрывала и чехлы для столов";"12 фт; покрывало";"Покрывало для бильярдного стола 12 футов Комильфо зеленая бахрома";"Бильярд > Чехлы и тубусы > Чехлы для столов"
"16404";"Бильярд";"Покрывала и чехлы для столов";"7 фт; покрывало";"Покрывало для бильярдного стола 7 футов Браво бордовое";"Бильярд > Чехлы и тубусы > Чехлы для столов"
"16403";"Бильярд";"Покрывала и чехлы для столов";"7 фт; покрывало";"Покрывало для бильярдного стола 7 футов Браво зеленое";"Бильярд > Чехлы и тубусы > Чехлы для столов"
"16402";"Бильярд";"Покрывала и чехлы для столов";"7 фт; покрывало";"Покрывало для бильярдного стола 7 футов Браво синее";"Бильярд > Чехлы и тубусы > Чехлы для столов"
"11306";"Бильярд";"Покрывала и чехлы для столов";"8 фт; покрывало";"Покрывало для бильярдного стола 8 футов Аллегро желтая бахрома";"Бильярд > Чехлы и тубусы > Чехлы для столов"
"11307";"Бильярд";"Покрывала и чехлы для столов";"8 фт; покрывало";"Покрывало для бильярдного стола 8 футов Аллегро зеленая бахрома";"Бильярд > Чехлы и тубусы > Чехлы для столов"
"13035";"Бильярд";"Покрывала и чехлы для столов";"8 фт; покрывало";"Покрывало для бильярдного стола 8 футов Браво бордовое";"Бильярд > Чехлы и тубусы > Чехлы для столов"
"9307";"Бильярд";"Покрывала и чехлы для столов";"8 фт; покрывало";"Покрывало для бильярдного стола 8 футов Браво зеленое";"Бильярд > Чехлы и тубусы > Чехлы для столов"
"13034";"Бильярд";"Покрывала и чехлы для столов";"8 фт; покрывало";"Покрывало для бильярдного стола 8 футов Браво синее";"Бильярд > Чехлы и тубусы > Чехлы для столов"
"11338";"Бильярд";"Покрывала и чехлы для столов";"8 фт; покрывало";"Покрывало для бильярдного стола 8 футов Карнавал бирюзовое";"Бильярд > Чехлы и тубусы > Чехлы для столов"
"11326";"Бильярд";"Покрывала и чехлы для столов";"8 фт; покрывало";"Покрывало для бильярдного стола 8 футов Карнавал бордовое";"Бильярд > Чехлы и тубусы > Чехлы для столов"
"11330";"Бильярд";"Покрывала и чехлы для столов";"8 фт; покрывало";"Покрывало для бильярдного стола 8 футов Карнавал зеленое";"Бильярд > Чехлы и тубусы > Чехлы для столов"
"11327";"Бильярд";"Покрывала и чехлы для столов";"8 фт; покрывало";"Покрывало для бильярдного стола 8 футов Карнавал золотое";"Бильярд > Чехлы и тубусы > Чехлы для столов"
"11328";"Бильярд";"Покрывала и чехлы для столов";"8 фт; покрывало";"Покрывало для бильярдного стола 8 футов Карнавал коричневое";"Бильярд > Чехлы и тубусы > Чехлы для столов"
"11329";"Бильярд";"Покрывала и чехлы для столов";"8 фт; покрывало";"Покрывало для бильярдного стола 8 футов Карнавал оливковое";"Бильярд > Чехлы и тубусы > Чехлы для столов"
"12745";"Бильярд";"Покрывала и чехлы для столов";"8 фт; покрывало";"Покрывало для бильярдного стола 8 футов Карнавал серебристое";"Бильярд > Чехлы и тубусы > Чехлы для столов"
"9275";"Бильярд";"Покрывала и чехлы для столов";"8 фт; покрывало";"Покрывало для бильярдного стола 8 футов Комильфо желтая бахрома";"Бильярд > Чехлы и тубусы > Чехлы для столов"
"11295";"Бильярд";"Покрывала и чехлы для столов";"8 фт; покрывало";"Покрывало для бильярдного стола 8 футов Комильфо зеленая бахрома";"Бильярд > Чехлы и тубусы > Чехлы для столов"
"11308";"Бильярд";"Покрывала и чехлы для столов";"9 фт; покрывало";"Покрывало для бильярдного стола 9 футов Аллегро желтая бахрома";"Бильярд > Чехлы и тубусы > Чехлы для столов"
"11309";"Бильярд";"Покрывала и чехлы для столов";"9 фт; покрывало";"Покрывало для бильярдного стола 9 футов Аллегро зеленая бахрома";"Бильярд > Чехлы и тубусы > Чехлы для столов"
"13037";"Бильярд";"Покрывала и чехлы для столов";"9 фт; покрывало";"Покрывало для бильярдного стола 9 футов Браво бордовое";"Бильярд > Чехлы и тубусы > Чехлы для столов"
"7043";"Бильярд";"Покрывала и чехлы для столов";"9 фт; покрывало";"Покрывало для бильярдного стола 9 футов Браво зеленое";"Бильярд > Чехлы и тубусы > Чехлы для столов"
"13036";"Бильярд";"Покрывала и чехлы для столов";"9 фт; покрывало";"Покрывало для бильярдного стола 9 футов Браво синее";"Бильярд > Чехлы и тубусы > Чехлы для столов"
"11339";"Бильярд";"Покрывала и чехлы для столов";"9 фт; покрывало";"Покрывало для бильярдного стола 9 футов Карнавал бирюзовое";"Бильярд > Чехлы и тубусы > Чехлы для столов"
"11331";"Бильярд";"Покрывала и чехлы для столов";"9 фт; покрывало";"Покрывало для бильярдного стола 9 футов Карнавал бордовое";"Бильярд > Чехлы и тубусы > Чехлы для столов"
"11332";"Бильярд";"Покрывала и чехлы для столов";"9 фт; покрывало";"Покрывало для бильярдного стола 9 футов Карнавал золотое";"Бильярд > Чехлы и тубусы > Чехлы для столов"
"11333";"Бильярд";"Покрывала и чехлы для столов";"9 фт; покрывало";"Покрывало для бильярдного стола 9 футов Карнавал коричневое";"Бильярд > Чехлы и тубусы > Чехлы для столов"
"11334";"Бильярд";"Покрывала и чехлы для столов";"9 фт; покрывало";"Покрывало для бильярдного стола 9 футов Карнавал оливковое";"Бильярд > Чехлы и тубусы > Чехлы для столов"
"12746";"Бильярд";"Покрывала и чехлы для столов";"9 фт; покрывало";"Покрывало для бильярдного стола 9 футов Карнавал серебристое";"Бильярд > Чехлы и тубусы > Чехлы для столов"
"9115";"Бильярд";"Покрывала и чехлы для столов";"9 фт; покрывало";"Покрывало для бильярдного стола 9 футов Карнавал темно-зеленое";"Бильярд > Чехлы и тубусы > Чехлы для столов"
"11296";"Бильярд";"Покрывала и чехлы для столов";"9 фт; покрывало";"Покрывало для бильярдного стола 9 футов Комильфо желтая бахрома";"Бильярд > Чехлы и тубусы > Чехлы для столов"
"11297";"Бильярд";"Покрывала и чехлы для столов";"9 фт; покрывало";"Покрывало для бильярдного стола 9 футов Комильфо зеленая бахрома";"Бильярд > Чехлы и тубусы > Чехлы для столов"
"9435";"Бильярд";"Покрывала и чехлы для столов";"10 фт; Porter; покрывало; чехол; на резинке";"Чехол / покрывало для бильярдного стола 10 футов Porter Fan с резинкой 330х195см";"Бильярд > Чехлы и тубусы > Чехлы для столов"
"13934";"Бильярд";"Покрывала и чехлы для столов";"10 фт; покрывало; чехол; на резинке";"Чехол / покрывало для бильярдного стола 10 футов Арена с резинкой";"Бильярд > Чехлы и тубусы > Чехлы для столов"
"9436";"Бильярд";"Покрывала и чехлы для столов";"12 фт; Porter; покрывало; чехол; на резинке";"Чехол / покрывало для бильярдного стола 12 футов Porter Fan с резинкой";"Бильярд > Чехлы и тубусы > Чехлы для столов"
"13935";"Бильярд";"Покрывала и чехлы для столов";"12 фт; покрывало; чехол; на резинке";"Чехол / покрывало для бильярдного стола 12 футов Арена с резинкой";"Бильярд > Чехлы и тубусы > Чехлы для столов"
"16510";"Бильярд";"Покрывала и чехлы для столов";"7 фт; Porter; покрывало; чехол; на резинке";"Чехол / покрывало для бильярдного стола 7 футов Porter Fan с резинкой 240х130 см";"Бильярд > Чехлы и тубусы > Чехлы для столов"
"13931";"Бильярд";"Покрывала и чехлы для столов";"7 фт; покрывало; чехол; на резинке";"Чехол / покрывало для бильярдного стола 7 футов Арена с резинкой";"Бильярд > Чехлы и тубусы > Чехлы для столов"
"9165";"Бильярд";"Покрывала и чехлы для столов";"8 фт; Porter; покрывало; чехол; на резинке";"Чехол / покрывало для бильярдного стола 8 футов Porter Fan с резинкой 265х150см";"Бильярд > Чехлы и тубусы > Чехлы для столов"
"13932";"Бильярд";"Покрывала и чехлы для столов";"8 фт; покрывало; чехол; на резинке";"Чехол / покрывало для бильярдного стола 8 футов Арена с резинкой";"Бильярд > Чехлы и тубусы > Чехлы для столов"
"9166";"Бильярд";"Покрывала и чехлы для столов";"9 фт; Porter; покрывало; чехол; на резинке";"Чехол / покрывало для бильярдного стола 9 футов Porter Fan с резинкой 290x160см";"Бильярд > Чехлы и тубусы > Чехлы для столов"
"13933";"Бильярд";"Покрывала и чехлы для столов";"9 фт; покрывало; чехол; на резинке";"Чехол / покрывало для бильярдного стола 9 футов Арена с резинкой";"Бильярд > Чехлы и тубусы > Чехлы для столов"
"1823";"Бильярд";"Шары";"пул; 57,2 мм; Aramith";"Шары для бильярда 57,2 мм Aramith Premium / шары для пула";"Бильярд > Шары > Пул"
"1837";"Бильярд";"Шары";"снукер; 52,4 мм";"Шары для снукера Standard 52,4 мм";"Бильярд > Шары > Снукер"
"9448";"Покер";"Карты";"";"Карты для покера Ace Premium Club Special № 98 красная рубашка";"Покер > Карты > Карты"
"5866-4";"Бильярд";"Кии";"пул; 150 см; Porter";"Кии для пула 4 штуки Porter Ramin 1-составные / цельные 150 см";"Прочее > Без категории > Прочее"
"15565";"Бильярд";"Шары";"карамболь; 61,5 мм; Aramith";"Шары для карамболя 61,5 мм Aramith Super Carom 4 шт";"Прочее > Без категории > Прочее"
